"Must-have-Keywords und Suchbegriffe (in H1,H2 und Text)
für ein besseres Ranking, ein hoher Qualitätsfaktor der Anzeigen und eine gute Nutzererfahrung mit der Zielseite:",
Ergotherapie,Logopädie
ergotherapeut,stellenangebote logopädie
ergotherapeut köln,logopäde jobs
ergotherapeut bonn,weiterbildung logopädie
ergotherapeut umschulung,logopädin quereinstieg
fortbildungen für ergotherapeuten,logopädie stellenangebote in der nähe
weiterbildung für ergotherapeuten,logopädie voraussetzungen
stellen für ergotherapeuten,logopäde gesucht
ergotherapeut quereinstieg,logopädie stellenanzeigen
ergotherapie fortbildung,stellenausschreibung logopädie
ergotherapeut gesucht,logopädie jobs köln
stellenanzeige ergotherapeut,logopädie weiterbildungsmöglichkeiten
ergotherapeuten gesucht,logopädie stellenangebote köln
ergotherapie jobs,freie stellen logopädie
jobsuche ergotherapeut,logopädie offene stellen
weiterbildungsmöglichkeiten für ergotherapeuten,logopädie karriere
jobs ergotherapie,jobs logopädie köln
stellen ergotherapie,logopäde karriere
job ergotherapeut,fortbildungen für logopäden
stellenangebote ergotherapie in der nähe,quereinstieg logopädie
arbeitszeiten ergotherapeut,stellengesuche logopäden
fortbildung ergotherapie pädiatrie,jobangebote logopädie
weiterbildung zur ergotherapeutin,jobsuche logopädie
ergotherapie stellenanzeigen,
quereinstieg ergotherapie,
ergotherapeutinnen,
job als ergotherapeut,
stelle als ergotherapeut,
job als ergotherapeutin,
Gute Landingpages zur Orientierung,
https://karriere.tv-turm.de/jobs/job-mitarbeiter-besucherservice-ticketing/,
https://palabra.de/karriere/,
https://palabra-praxisgruppe-gmbh.jobs.personio.de/job/2251958,
https://palabra-praxisgruppe-gmbh.jobs.personio.de/job/2251958,